--
-- PostgreSQL database dump
--

\restrict QHH0w1n3xQwsi3gwnfAhuN6qbojTOsTjDv6x4t7au43dkXFkFX7WtFZsBQPhILg

-- Dumped from database version 15.14 (Debian 15.14-1.pgdg13+1)
-- Dumped by pg_dump version 15.14 (Debian 15.14-1.pgdg13+1)

SET statement_timeout = 0;
SET lock_timeout = 0;
SET idle_in_transaction_session_timeout = 0;
SET client_encoding = 'UTF8';
SET standard_conforming_strings = on;
SELECT pg_catalog.set_config('search_path', '', false);
SET check_function_bodies = false;
SET xmloption = content;
SET client_min_messages = warning;
SET row_security = off;

--
-- Name: enum_users_bloodType; Type: TYPE; Schema: public; Owner: admin
--

CREATE TYPE public."enum_users_bloodType" AS ENUM (
    'O+',
    'O-',
    'A+',
    'A-',
    'B+',
    'B-',
    'AB+',
    'AB-'
);


ALTER TYPE public."enum_users_bloodType" OWNER TO admin;

--
-- Name: enum_users_role; Type: TYPE; Schema: public; Owner: admin
--

CREATE TYPE public.enum_users_role AS ENUM (
    'volunteer',
    'manager',
    'admin',
    'USER',
    'EVENT_MANAGER',
    'ADMIN'
);


ALTER TYPE public.enum_users_role OWNER TO admin;

SET default_tablespace = '';

SET default_table_access_method = heap;

--
-- Name: comments; Type: TABLE; Schema: public; Owner: admin
--

CREATE TABLE public.comments (
    comment_id bigint NOT NULL,
    content text NOT NULL,
    created_at timestamp(6) without time zone NOT NULL,
    metadata jsonb,
    updated_at timestamp(6) without time zone,
    created_by uuid,
    post_id bigint
);


ALTER TABLE public.comments OWNER TO admin;

--
-- Name: event_registration; Type: TABLE; Schema: public; Owner: admin
--

CREATE TABLE public.event_registration (
    registration_id bigint NOT NULL,
    created_at timestamp(6) without time zone NOT NULL,
    status character varying(255) NOT NULL,
    updated_at timestamp(6) without time zone,
    event_id bigint NOT NULL,
    user_id uuid NOT NULL
);


ALTER TABLE public.event_registration OWNER TO admin;

--
-- Name: events; Type: TABLE; Schema: public; Owner: admin
--

CREATE TABLE public.events (
    event_id bigint NOT NULL,
    created_at timestamp(6) without time zone NOT NULL,
    event_description text,
    event_location text,
    event_name character varying(200) NOT NULL,
    event_state character varying(255) NOT NULL,
    metadata jsonb,
    updated_at timestamp(6) without time zone,
    created_by uuid
);


ALTER TABLE public.events OWNER TO admin;

--
-- Name: likes; Type: TABLE; Schema: public; Owner: admin
--

CREATE TABLE public.likes (
    like_id bigint NOT NULL,
    created_at timestamp(6) without time zone NOT NULL,
    target_type character varying(255),
    target_id bigint,
    created_by uuid
);


ALTER TABLE public.likes OWNER TO admin;

--
-- Name: posts; Type: TABLE; Schema: public; Owner: admin
--

CREATE TABLE public.posts (
    post_id bigint NOT NULL,
    content text NOT NULL,
    created_at timestamp(6) without time zone NOT NULL,
    metadata jsonb,
    updated_at timestamp(6) without time zone,
    created_by uuid,
    event_id bigint
);


ALTER TABLE public.posts OWNER TO admin;

--
-- Name: role_in_event; Type: TABLE; Schema: public; Owner: admin
--

CREATE TABLE public.role_in_event (
    id bigint NOT NULL,
    created_at timestamp(6) without time zone NOT NULL,
    event_role character varying(255) NOT NULL,
    participation_status character varying(255) NOT NULL,
    updated_at timestamp(6) without time zone,
    event_id bigint,
    user_profile_id uuid
);


ALTER TABLE public.role_in_event OWNER TO admin;

--
-- Name: user_auth; Type: TABLE; Schema: public; Owner: admin
--

CREATE TABLE public.user_auth (
    user_id uuid NOT NULL,
    email character varying(100) NOT NULL,
    email_verified boolean NOT NULL,
    password_hash text NOT NULL,
    role character varying(30) NOT NULL,
    status character varying(30) NOT NULL
);


ALTER TABLE public.user_auth OWNER TO admin;

--
-- Name: user_profiles; Type: TABLE; Schema: public; Owner: admin
--

CREATE TABLE public.user_profiles (
    user_id uuid NOT NULL,
    avatar_id character varying(255),
    bio text,
    created_at timestamp(6) without time zone NOT NULL,
    email character varying(100),
    full_name character varying(100) NOT NULL,
    status character varying(255) NOT NULL,
    updated_at timestamp(6) without time zone NOT NULL,
    username character varying(100) NOT NULL
);


ALTER TABLE public.user_profiles OWNER TO admin;

--
-- Data for Name: comments; Type: TABLE DATA; Schema: public; Owner: admin
--

COPY public.comments (comment_id, content, created_at, metadata, updated_at, created_by, post_id) FROM stdin;
1	Mình có thể tham gia ngày 10/11 được không ạ?	2025-11-01 16:57:01.568394	\N	2025-11-01 16:57:01.568394	c3d4e5f6-a7b8-9012-cdef-3456789012bc	1
2	Mình mang thêm sách cũ được không?	2025-11-01 16:57:01.568394	\N	2025-11-01 16:57:01.568394	d4e5f6a7-b8c9-0123-def0-4567890123cd	1
3	Cho mình đăng ký ạ!	2025-11-01 16:57:01.568394	\N	2025-11-01 16:57:01.568394	e5f6a7b8-c9d0-1234-ef01-5678901234de	1
4	Có cần mang theo dụng cụ gì không?	2025-11-01 16:57:01.568394	\N	2025-11-01 16:57:01.568394	f6a7b8c9-d0e1-2345-f012-6789012345ef	1
5	Mình ở Hà Nội, có thể gửi đồ qua bưu điện được không?	2025-11-01 16:57:01.568394	\N	2025-11-01 16:57:01.568394	c3d4e5f6-a7b8-9012-cdef-3456789012bc	1
6	Cảm ơn chương trình rất ý nghĩa!	2025-11-01 16:57:01.568394	\N	2025-11-01 16:57:01.568394	d4e5f6a7-b8c9-0123-def0-4567890123cd	1
7	Mình sẽ mang theo 2 thùng quần áo trẻ em.	2025-11-01 16:57:01.568394	\N	2025-11-01 16:57:01.568394	e5f6a7b8-c9d0-1234-ef01-5678901234de	1
8	Có lịch trình cụ thể chưa ạ?	2025-11-01 16:57:01.568394	\N	2025-11-01 16:57:01.568394	f6a7b8c9-d0e1-2345-f012-6789012345ef	1
9	Mình muốn làm trưởng nhóm phân loại, có được không?	2025-11-01 16:57:01.568394	\N	2025-11-01 16:57:01.568394	c3d4e5f6-a7b8-9012-cdef-3456789012bc	1
10	Tuyệt vời! Mình ủng hộ!	2025-11-01 16:57:01.568394	\N	2025-11-01 16:57:01.568394	d4e5f6a7-b8c9-0123-def0-4567890123cd	1
11	Mình đăng ký thêm 2 người bạn nữa nhé!	2025-11-01 16:57:01.583	\N	2025-11-01 16:57:01.583	e5f6a7b8-c9d0-1234-ef01-5678901234de	2
12	Còn thiếu bao nhiêu người nữa ạ?	2025-11-01 16:57:01.583	\N	2025-11-01 16:57:01.583	f6a7b8c9-d0e1-2345-f012-6789012345ef	2
14	Cập nhật danh sách tình nguyện viên ở đâu ạ?	2025-11-01 16:57:01.583	\N	2025-11-01 16:57:01.583	d4e5f6a7-b8c9-0123-def0-4567890123cd	2
15	Mình ở xa, có thể hỗ trợ tiền xăng không?	2025-11-01 16:57:01.583	\N	2025-11-01 16:57:01.583	e5f6a7b8-c9d0-1234-ef01-5678901234de	2
16	Cảm ơn các bạn đã nhiệt tình!	2025-11-01 16:57:01.583	\N	2025-11-01 16:57:01.583	b2c3d4e5-f6a7-8901-bcde-f2345678901a	2
17	Mình sẽ đến sớm để setup.	2025-11-01 16:57:01.583	\N	2025-11-01 16:57:01.583	f6a7b8c9-d0e1-2345-f012-6789012345ef	2
19	Mình mang theo nước uống cho mọi người nhé.	2025-11-01 16:57:01.583	\N	2025-11-01 16:57:01.583	d4e5f6a7-b8c9-0123-def0-4567890123cd	2
20	Chương trình rất tuyệt vời!	2025-11-01 16:57:01.583	\N	2025-11-01 16:57:01.583	e5f6a7b8-c9d0-1234-ef01-5678901234de	2
21	Mình muốn tham gia phát quà!	2025-11-01 16:57:01.600455	\N	2025-11-01 16:57:01.600455	f6a7b8c9-d0e1-2345-f012-6789012345ef	3
22	Có danh sách hộ nhận quà chưa ạ?	2025-11-01 16:57:01.600455	\N	2025-11-01 16:57:01.600455	e5f6a7b8-c9d0-1234-ef01-5678901234de	3
23	Mình có thể mang bánh chưng nhà làm góp vào.	2025-11-01 16:57:01.600455	\N	2025-11-01 16:57:01.600455	c3d4e5f6-a7b8-9012-cdef-3456789012bc	3
24	Thời gian phát quà từ mấy giờ?	2025-11-01 16:57:01.600455	\N	2025-11-01 16:57:01.600455	d4e5f6a7-b8c9-0123-def0-4567890123cd	3
25	Mình ở quận 7, có thể đi chung xe không?	2025-11-01 16:57:01.600455	\N	2025-11-01 16:57:01.600455	f6a7b8c9-d0e1-2345-f012-6789012345ef	3
26	Cảm ơn ban tổ chức đã giúp người nghèo.	2025-11-01 16:57:01.600455	\N	2025-11-01 16:57:01.600455	e5f6a7b8-c9d0-1234-ef01-5678901234de	3
27	Mình đăng ký 3 người.	2025-11-01 16:57:01.600455	\N	2025-11-01 16:57:01.600455	c3d4e5f6-a7b8-9012-cdef-3456789012bc	3
28	Có cần mang theo giấy tờ gì không?	2025-11-01 16:57:01.600455	\N	2025-11-01 16:57:01.600455	d4e5f6a7-b8c9-0123-def0-4567890123cd	3
29	Mình sẽ chụp ảnh lưu giữ khoảnh khắc.	2025-11-01 16:57:01.600455	\N	2025-11-01 16:57:01.600455	f6a7b8c9-d0e1-2345-f012-6789012345ef	3
30	Rất mong được tham gia!	2025-11-01 16:57:01.600455	\N	2025-11-01 16:57:01.600455	e5f6a7b8-c9d0-1234-ef01-5678901234de	3
31	Mình comment để đăng ký!	2025-11-01 16:57:01.615308	\N	2025-11-01 16:57:01.615308	c3d4e5f6-a7b8-9012-cdef-3456789012bc	4
32	Cần hỗ trợ gói quà từ bao giờ?	2025-11-01 16:57:01.615308	\N	2025-11-01 16:57:01.615308	d4e5f6a7-b8c9-0123-def0-4567890123cd	4
33	Mình mang theo băng rôn được không?	2025-11-01 16:57:01.615308	\N	2025-11-01 16:57:01.615308	e5f6a7b8-c9d0-1234-ef01-5678901234de	4
34	Có chỗ giữ xe không ạ?	2025-11-01 16:57:01.615308	\N	2025-11-01 16:57:01.615308	f6a7b8c9-d0e1-2345-f012-6789012345ef	4
35	Mình sẽ mang nước suối cho mọi người.	2025-11-01 16:57:01.615308	\N	2025-11-01 16:57:01.615308	c3d4e5f6-a7b8-9012-cdef-3456789012bc	4
36	Cảm ơn các bạn đã lan tỏa yêu thương!	2025-11-01 16:57:01.615308	\N	2025-11-01 16:57:01.615308	b2c3d4e5-f6a7-8901-bcde-f2345678901a	4
37	Mình muốn làm nhiếp ảnh tình nguyện.	2025-11-01 16:57:01.615308	\N	2025-11-01 16:57:01.615308	d4e5f6a7-b8c9-0123-def0-4567890123cd	4
38	Có cần mặc áo nhóm không?	2025-11-01 16:57:01.615308	\N	2025-11-01 16:57:01.615308	e5f6a7b8-c9d0-1234-ef01-5678901234de	4
39	Mình ở gần đó, sẽ đến sớm.	2025-11-01 16:57:01.615308	\N	2025-11-01 16:57:01.615308	f6a7b8c9-d0e1-2345-f012-6789012345ef	4
40	Chương trình quá ý nghĩa!	2025-11-01 16:57:01.615308	\N	2025-11-01 16:57:01.615308	c3d4e5f6-a7b8-9012-cdef-3456789012bc	4
789443893190983680	ahi hi ahi ahi	2025-12-18 17:48:11.302427	\N	2025-12-18 17:48:11.302432	c3d4e5f6-a7b8-9012-cdef-3456789012bc	1
789443928024678400	no comment	2025-12-18 17:48:19.601639	\N	2025-12-18 17:48:19.601642	c3d4e5f6-a7b8-9012-cdef-3456789012bc	1
789445434849361920	hhhggjhg	2025-12-18 17:54:18.85745	\N	2025-12-18 17:54:18.85746	c3d4e5f6-a7b8-9012-cdef-3456789012bc	1
789445471872483328	qeqerrrerereerrer	2025-12-18 17:54:27.683607	\N	2025-12-18 17:54:27.683612	c3d4e5f6-a7b8-9012-cdef-3456789012bc	1
789447105759412224	jojooooo dkfkfkfkdkfkdfkdfkdkkng gdjgfjgj jdfgj djkf fdj dk fdj jdj	2025-12-18 18:00:57.232179	\N	2025-12-18 18:00:57.232182	c3d4e5f6-a7b8-9012-cdef-3456789012bc	1
789449811483951104	sdsdsdsd	2025-12-18 18:11:42.327124	\N	2025-12-18 18:11:42.327127	c3d4e5f6-a7b8-9012-cdef-3456789012bc	1
789449837006290944	sdssddddddddddddddddddddddddddddddddddđ	2025-12-18 18:11:48.412072	\N	2025-12-18 18:11:48.412077	c3d4e5f6-a7b8-9012-cdef-3456789012bc	1
789449858908946432	sdssddddddddddddddddddddddddddddddddddđsdddddddddddd	2025-12-18 18:11:53.634195	\N	2025-12-18 18:11:53.6342	c3d4e5f6-a7b8-9012-cdef-3456789012bc	1
789449879502979072	sdssddddddddddddddddddddddddddddddddddđsddddddddddddsdddddddđ	2025-12-18 18:11:58.54438	\N	2025-12-18 18:11:58.544384	c3d4e5f6-a7b8-9012-cdef-3456789012bc	1
789449902970109952	sdssddddddddddddddddddddddddddddddddddđsddddddddddddsdddddddđsd	2025-12-18 18:12:04.139919	\N	2025-12-18 18:12:04.139925	c3d4e5f6-a7b8-9012-cdef-3456789012bc	1
789449925308973056	sdssddddddddddddddddddddddddddddddddddđsddddddddddddsdddddddđsđssd	2025-12-18 18:12:09.465731	\N	2025-12-18 18:12:09.465737	c3d4e5f6-a7b8-9012-cdef-3456789012bc	1
789449955549904896	sdssddddddddddddddddddddddddddddddddddđsddddddddddddsdddddddđsđssdđ	2025-12-18 18:12:16.675459	\N	2025-12-18 18:12:16.675468	c3d4e5f6-a7b8-9012-cdef-3456789012bc	1
789450019538206720	demo fail	2025-12-18 18:12:31.931054	\N	2025-12-18 18:12:31.931058	c3d4e5f6-a7b8-9012-cdef-3456789012bc	1
789450052593516544	hi	2025-12-18 18:12:39.812348	\N	2025-12-18 18:12:39.812355	c3d4e5f6-a7b8-9012-cdef-3456789012bc	2
789450073783140352	hoi	2025-12-18 18:12:44.864662	\N	2025-12-18 18:12:44.864667	c3d4e5f6-a7b8-9012-cdef-3456789012bc	2
789450101763342336	ddddddemo	2025-12-18 18:12:51.534833	\N	2025-12-18 18:12:51.534844	c3d4e5f6-a7b8-9012-cdef-3456789012bc	2
789450124530024448	dddddd	2025-12-18 18:12:56.96344	\N	2025-12-18 18:12:56.963447	c3d4e5f6-a7b8-9012-cdef-3456789012bc	2
789450156457066496	d	2025-12-18 18:13:04.576026	\N	2025-12-18 18:13:04.576034	c3d4e5f6-a7b8-9012-cdef-3456789012bc	1
789451910338838528	hallo	2025-12-18 18:20:02.733556	\N	2025-12-18 18:20:02.73356	c3d4e5f6-a7b8-9012-cdef-3456789012bc	2
789451946447601664	fffff	2025-12-18 18:20:11.342664	\N	2025-12-18 18:20:11.34267	c3d4e5f6-a7b8-9012-cdef-3456789012bc	1
789454645570306048	e	2025-12-18 18:30:54.863903	\N	2025-12-18 18:30:54.863907	c3d4e5f6-a7b8-9012-cdef-3456789012bc	1
789454655280119808	ee	2025-12-18 18:30:57.178765	\N	2025-12-18 18:30:57.178769	c3d4e5f6-a7b8-9012-cdef-3456789012bc	1
789454657758953472	f	2025-12-18 18:30:57.769762	\N	2025-12-18 18:30:57.769767	c3d4e5f6-a7b8-9012-cdef-3456789012bc	1
789454661319917568	efdf	2025-12-18 18:30:58.618274	\N	2025-12-18 18:30:58.618276	c3d4e5f6-a7b8-9012-cdef-3456789012bc	1
789454662414630912	df	2025-12-18 18:30:58.879288	\N	2025-12-18 18:30:58.879293	c3d4e5f6-a7b8-9012-cdef-3456789012bc	1
789454663295434752	d	2025-12-18 18:30:59.08972	\N	2025-12-18 18:30:59.089723	c3d4e5f6-a7b8-9012-cdef-3456789012bc	1
789454664264318976	fd	2025-12-18 18:30:59.320125	\N	2025-12-18 18:30:59.320129	c3d4e5f6-a7b8-9012-cdef-3456789012bc	1
789454665187065856	f	2025-12-18 18:30:59.540581	\N	2025-12-18 18:30:59.540585	c3d4e5f6-a7b8-9012-cdef-3456789012bc	1
789454665963012096	df	2025-12-18 18:30:59.725145	\N	2025-12-18 18:30:59.725154	c3d4e5f6-a7b8-9012-cdef-3456789012bc	1
789454666797678592	d	2025-12-18 18:30:59.92436	\N	2025-12-18 18:30:59.924365	c3d4e5f6-a7b8-9012-cdef-3456789012bc	1
789454667674288128	f	2025-12-18 18:31:00.132906	\N	2025-12-18 18:31:00.13291	c3d4e5f6-a7b8-9012-cdef-3456789012bc	1
789454668538314752	df	2025-12-18 18:31:00.339823	\N	2025-12-18 18:31:00.339827	c3d4e5f6-a7b8-9012-cdef-3456789012bc	1
789454669297483776	d	2025-12-18 18:31:00.520081	\N	2025-12-18 18:31:00.520084	c3d4e5f6-a7b8-9012-cdef-3456789012bc	1
789454670086012928	f	2025-12-18 18:31:00.708265	\N	2025-12-18 18:31:00.70827	c3d4e5f6-a7b8-9012-cdef-3456789012bc	1
789454670975205376	d	2025-12-18 18:31:00.920381	\N	2025-12-18 18:31:00.920386	c3d4e5f6-a7b8-9012-cdef-3456789012bc	1
789454671948283904	f	2025-12-18 18:31:01.152099	\N	2025-12-18 18:31:01.152101	c3d4e5f6-a7b8-9012-cdef-3456789012bc	1
789454693620252672	dfewwwwwwwwwwwwwwwwwwwwwwwwwwwwwwd	2025-12-18 18:31:06.320768	\N	2025-12-18 18:31:06.320779	c3d4e5f6-a7b8-9012-cdef-3456789012bc	1
789454796170985472	SDAD	2025-12-18 18:31:30.769914	\N	2025-12-18 18:31:30.769921	c3d4e5f6-a7b8-9012-cdef-3456789012bc	2
789454672560652288	d	2025-12-18 18:31:01.298695	\N	2025-12-18 18:31:01.298701	c3d4e5f6-a7b8-9012-cdef-3456789012bc	1
789454753766572032	dfewwwwwwwwwwwwwwwwwwwwwwwwwwwwwwefwfwefewfefeafdddddddddddddddddddddefewf LWS ,ADSL SL S	2025-12-18 18:31:20.659504	\N	2025-12-18 18:31:20.659508	c3d4e5f6-a7b8-9012-cdef-3456789012bc	1
789454673600839680	f	2025-12-18 18:31:01.546125	\N	2025-12-18 18:31:01.546129	c3d4e5f6-a7b8-9012-cdef-3456789012bc	1
789454722091188224	dfewwwwwwwwwwwwwwwwwwwwwwwwwwwwwwefwfwefewfefe	2025-12-18 18:31:13.108647	\N	2025-12-18 18:31:13.108657	c3d4e5f6-a7b8-9012-cdef-3456789012bc	1
789458103455186944	sssssssssssssssssssssssssss	2025-12-18 18:44:39.286983	\N	2025-12-18 18:44:39.286985	3732e58c-fa12-4a37-bc96-bcae4128f99d	1
789458149772886016	ssssssssssssssssssssssssssssssssssssssssssssssssssssssssssssssssssssssssssssssssssssss	2025-12-18 18:44:50.331008	\N	2025-12-18 18:44:50.331017	3732e58c-fa12-4a37-bc96-bcae4128f99d	1
789454674246762496	a	2025-12-18 18:31:01.701492	\N	2025-12-18 18:31:01.701499	c3d4e5f6-a7b8-9012-cdef-3456789012bc	1
789454675471499264	d	2025-12-18 18:31:01.992414	\N	2025-12-18 18:31:01.992421	c3d4e5f6-a7b8-9012-cdef-3456789012bc	1
789842312938127360	có 1000 bàn chưa	2025-12-19 20:11:21.967473	\N	2025-12-19 20:11:21.967491	3732e58c-fa12-4a37-bc96-bcae4128f99d	4
789843161374523392	siuuuuuuuuuuuuuuuuuuuuuu	2025-12-19 20:14:44.250952	\N	2025-12-19 20:14:44.250966	3732e58c-fa12-4a37-bc96-bcae4128f99d	1
789875838483955712	lô con c	2025-12-19 22:24:35.10454	\N	2025-12-19 22:24:54.216608	b2c3d4e5-f6a7-8901-bcde-f2345678901a	789408470020390912
789970648855216128	ko donate đủ ko đc	2025-12-20 04:41:19.636409	\N	2025-12-20 04:41:19.63643	b2c3d4e5-f6a7-8901-bcde-f2345678901a	789970585676414976
789970677628141568	scam steam	2025-12-20 04:41:26.494721	\N	2025-12-20 04:41:26.494747	b2c3d4e5-f6a7-8901-bcde-f2345678901a	789970585676414976
789970723077619712	trốn nvqs	2025-12-20 04:41:37.330872	\N	2025-12-20 04:41:51.954998	b2c3d4e5-f6a7-8901-bcde-f2345678901a	789970585676414976
790167858523930624	hello	2025-12-20 17:44:58.084323	\N	2025-12-20 17:44:58.08433	3732e58c-fa12-4a37-bc96-bcae4128f99d	790167770292551680
790334012873768960	hellohhhi	2025-12-21 04:45:12.36753	\N	2025-12-21 04:45:12.367539	06eee420-a5bf-490d-b15e-71ab83ef2cc4	790333965947895808
\.


--
-- Data for Name: event_registration; Type: TABLE DATA; Schema: public; Owner: admin
--

COPY public.event_registration (registration_id, created_at, status, updated_at, event_id, user_id) FROM stdin;
790302313477570560	2025-12-21 02:39:14.651102	APPROVED	2025-12-21 02:40:06.990261	790301266176638976	c3d4e5f6-a7b8-9012-cdef-3456789012bc
790312375986159616	2025-12-21 03:19:13.734262	CANCELLED_BY_USER	2025-12-21 03:19:20.504656	790219078290636800	4a6e91e1-7668-4dfa-8674-62d837785151
790312360840527872	2025-12-21 03:19:10.12594	APPROVED	2025-12-21 03:20:48.12112	790301266176638976	4a6e91e1-7668-4dfa-8674-62d837785151
790333264052092928	2025-12-21 04:42:13.841378	APPROVED	2025-12-21 04:42:47.867419	790332727307010048	49853eb2-1c92-4661-81f8-a53032f8a8c4
789904699179401216	2025-12-20 00:55:01.769748	APPROVED	2025-12-20 00:56:30.512047	777476831543558144	3732e58c-fa12-4a37-bc96-bcae4128f99d
789965421531889664	2025-12-20 04:20:33.353215	PENDING	2025-12-20 04:20:33.35325	783728822825517056	9374a9c0-51f4-49f7-bdcb-234f8cbcedd3
789965439957467136	2025-12-20 04:20:37.744577	PENDING	2025-12-20 04:20:37.744596	777476831543558144	9374a9c0-51f4-49f7-bdcb-234f8cbcedd3
789965389453852672	2025-12-20 04:20:25.706133	APPROVED	2025-12-20 04:39:19.441721	1	9374a9c0-51f4-49f7-bdcb-234f8cbcedd3
789965396366065664	2025-12-20 04:20:27.355656	APPROVED	2025-12-20 17:13:32.614566	2	9374a9c0-51f4-49f7-bdcb-234f8cbcedd3
789965450015408128	2025-12-20 04:20:40.138797	APPROVED	2025-12-20 20:16:52.340989	789879077761712128	9374a9c0-51f4-49f7-bdcb-234f8cbcedd3
790244068016783360	2025-12-20 22:47:47.84629	PENDING	2025-12-20 22:47:47.846298	777476831543558144	c3d4e5f6-a7b8-9012-cdef-3456789012bc
790244073209331712	2025-12-20 22:47:49.087726	PENDING	2025-12-20 22:47:49.08774	790219078290636800	c3d4e5f6-a7b8-9012-cdef-3456789012bc
790247826230607872	2025-12-20 23:02:43.872482	PENDING	2025-12-20 23:02:44.256887	2	c3d4e5f6-a7b8-9012-cdef-3456789012bc
790247846359072768	2025-12-20 23:02:48.670554	PENDING	2025-12-20 23:02:48.670559	789969021343629312	c3d4e5f6-a7b8-9012-cdef-3456789012bc
790246277106368512	2025-12-20 22:56:34.535519	APPROVED	2025-12-20 23:21:41.094161	790169244468772864	c3d4e5f6-a7b8-9012-cdef-3456789012bc
790253898882351104	2025-12-20 23:26:51.706374	PENDING	2025-12-20 23:26:51.70638	789879077761712128	c3d4e5f6-a7b8-9012-cdef-3456789012bc
790219259740422144	2025-12-20 21:09:13.093331	PENDING	2025-12-21 01:21:26.242228	790219078290636800	3732e58c-fa12-4a37-bc96-bcae4128f99d
790261653382889472	2025-12-20 23:57:40.526771	PENDING	2025-12-21 01:21:27.25554	790169244468772864	3732e58c-fa12-4a37-bc96-bcae4128f99d
790282741328379904	2025-12-21 01:21:28.298392	PENDING	2025-12-21 01:21:28.298419	789969021343629312	3732e58c-fa12-4a37-bc96-bcae4128f99d
789904714295672832	2025-12-21 01:21:30.487599	PENDING	2025-12-21 01:21:30.487613	789879077761712128	3732e58c-fa12-4a37-bc96-bcae4128f99d
789904656930177024	2025-12-20 17:43:59.580931	PENDING	2025-12-21 01:21:32.258009	2	3732e58c-fa12-4a37-bc96-bcae4128f99d
\.


--
-- Data for Name: events; Type: TABLE DATA; Schema: public; Owner: admin
--

COPY public.events (event_id, created_at, event_description, event_location, event_name, event_state, metadata, updated_at, created_by) FROM stdin;
790332727307010048	2025-12-21 04:40:05.901217	cây xanh Hà Nội	Hà Nội	Trồng cây xanh	ACCEPTED	{"categories": ["Cây xanh", "Trồng Cây"]}	2025-12-21 04:40:05.901233	06eee420-a5bf-490d-b15e-71ab83ef2cc4
790169244468772864	2025-12-20 17:50:28.519101	Táo quân	Hà Nội	Gặp nhau cuối năm	ACCEPTED	{"categories": ["Khác"]}	2025-12-20 20:29:38.929844	b2c3d4e5-f6a7-8901-bcde-f2345678901a
1	2025-11-01 16:57:01.523075	Thu gom quần áo cũ và sách vở cho trẻ em vùng cao tại Hà Giang. Cần 50 tình nguyện viên hỗ trợ phân loại và vận chuyển.	Trường Tiểu học Nà Chì, Xín Mần, Hà Giang	Áo Ấm Cho Em - Hà Giang 2025	ACCEPTED	{"categories": ["Trẻ em", "Vùng cao"]}	2025-12-20 20:51:46.760979	b2c3d4e5-f6a7-8901-bcde-f2345678901a
2	2025-11-01 16:57:01.523075	Phát quà Tết cho 200 hộ nghèo tại quận Thủ Đức. Bao gồm gạo, dầu ăn, mì gói và bánh chưng.	Nhà văn hóa phường Linh Chiểu, TP. Thủ Đức, TP.HCM	Xuân Yêu Thương 2025	ACCEPTED	{"categories": ["Tình nguyện", "Đóng góp"]}	2025-12-20 20:52:18.620504	b2c3d4e5-f6a7-8901-bcde-f2345678901a
783728822825517056	2025-12-02 23:18:32.372388	donate	Ha Noi	Nuôi em	ACCEPTED	\N	2025-12-19 22:20:47.052468	3732e58c-fa12-4a37-bc96-bcae4128f99d
789969021343629312	2025-12-20 04:34:51.609359	Dàng cho học sinh/ sinh viên	Hà Nội	Hiến máu	ACCEPTED	\N	2025-12-20 04:35:25.825134	b2c3d4e5-f6a7-8901-bcde-f2345678901a
789879077761712128	2025-12-19 22:37:27.383543	giúp hiểu và tiếp cận	Mĩ	Khóa học 0 đồng AI	ACCEPTED	{"categories": ["Khóa học", "Miễn phí"]}	2025-12-20 21:07:24.915919	b2c3d4e5-f6a7-8901-bcde-f2345678901a
790219078290636800	2025-12-20 21:08:29.837269	Chưa có mô tả	Cao Bằng	Khóa học tiếng Anh	ACCEPTED	{"categories": ["Khóa học"]}	2025-12-20 21:08:29.837275	b2c3d4e5-f6a7-8901-bcde-f2345678901a
790301266176638976	2025-12-21 02:35:04.974417	Đây là sự kiện	Hà Nội	Dọn rác quanh hồ Gươm	ACCEPTED	{"categories": ["Môi trường"]}	2025-12-21 02:35:04.974445	b2c3d4e5-f6a7-8901-bcde-f2345678901a
777476831543558144	2025-11-15 17:15:21.487663	Chiến dịch dọn rác	36	Dọn rác ven hồ	ACCEPTED	\N	2025-12-20 17:06:38.179601	a1b2c3d4-e5f6-7890-abcd-ef1234567890
\.


--
-- Data for Name: likes; Type: TABLE DATA; Schema: public; Owner: admin
--

COPY public.likes (like_id, created_at, target_type, target_id, created_by) FROM stdin;
789409873560338432	2025-12-18 15:33:01.351437	POST	1766046775045	c3d4e5f6-a7b8-9012-cdef-3456789012bc
789412259578249216	2025-12-18 15:42:30.133808	POST	789412217136087040	c3d4e5f6-a7b8-9012-cdef-3456789012bc
789448254063378432	2025-12-18 18:05:31.429438	POST	1	c3d4e5f6-a7b8-9012-cdef-3456789012bc
789457638239764480	2025-12-18 18:42:48.493521	POST	1	3732e58c-fa12-4a37-bc96-bcae4128f99d
789836362835558400	2025-12-19 19:47:43.665904	POST	1	b2c3d4e5-f6a7-8901-bcde-f2345678901a
790167634518736896	2025-12-20 17:44:04.675875	POST	3	3732e58c-fa12-4a37-bc96-bcae4128f99d
790167642966065153	2025-12-20 17:44:06.68971	POST	4	3732e58c-fa12-4a37-bc96-bcae4128f99d
790167657105063937	2025-12-20 17:44:10.060381	POST	789408470020390912	3732e58c-fa12-4a37-bc96-bcae4128f99d
790167661647495169	2025-12-20 17:44:11.143839	POST	789843453159669760	3732e58c-fa12-4a37-bc96-bcae4128f99d
790167705217925121	2025-12-20 17:44:21.531103	COMMENT	31	3732e58c-fa12-4a37-bc96-bcae4128f99d
790167797970763777	2025-12-20 17:44:43.645478	POST	790167770292551680	3732e58c-fa12-4a37-bc96-bcae4128f99d
790250123673206785	2025-12-20 23:11:51.623646	POST	790249416685518848	c3d4e5f6-a7b8-9012-cdef-3456789012bc
790301381700354048	2025-12-21 02:35:32.49182	EVENT	790301266176638976	b2c3d4e5-f6a7-8901-bcde-f2345678901a
790302734438891521	2025-12-21 02:40:55.006812	EVENT	790301266176638976	c3d4e5f6-a7b8-9012-cdef-3456789012bc
790314911417761792	2025-12-21 03:29:18.229463	EVENT	790314836318748672	781f62c0-da6d-4737-8ee2-d43792949072
790333876055572480	2025-12-21 04:44:39.749203	POST	790333867557912576	49853eb2-1c92-4661-81f8-a53032f8a8c4
790334000370548737	2025-12-21 04:45:09.387081	POST	790333965947895808	06eee420-a5bf-490d-b15e-71ab83ef2cc4
\.


--
-- Data for Name: posts; Type: TABLE DATA; Schema: public; Owner: admin
--

COPY public.posts (post_id, content, created_at, metadata, updated_at, created_by, event_id) FROM stdin;
1	Chúng tôi đã chuẩn bị 10 thùng quần áo và 500 cuốn sách. Cần thêm tình nguyện viên ngày 10/11 để phân loại!	2025-11-01 16:57:01.556436	\N	2025-11-01 16:57:01.556436	b2c3d4e5-f6a7-8901-bcde-f2345678901a	1
2	Cập nhật: Đã có 30 tình nguyện viên đăng ký. Cảm ơn các bạn! Vẫn cần thêm 20 người nữa.	2025-11-01 16:57:01.556436	\N	2025-11-01 16:57:01.556436	c3d4e5f6-a7b8-9012-cdef-3456789012bc	1
4	Cần 15 tình nguyện viên hỗ trợ gói quà và phát quà tại chỗ. Ai tham gia comment bên dưới nhé!	2025-11-01 16:57:01.556436	\N	2025-11-01 16:57:01.556436	e5f6a7b8-c9d0-1234-ef01-5678901234de	2
3	Update: tập trung 7h tại bãi đỗ xe số 2.	2025-11-01 16:57:01.556436	\N	2025-11-04 05:48:38.543311	b2c3d4e5-f6a7-8901-bcde-f2345678901a	2
789408470020390912	hello123	2025-12-18 15:27:25.755225	\N	2025-12-18 15:27:25.75524	c3d4e5f6-a7b8-9012-cdef-3456789012bc	2
789454820472782848	SDADDASDDSsS	2025-12-18 18:31:36.563487	\N	2025-12-18 18:31:36.563491	c3d4e5f6-a7b8-9012-cdef-3456789012bc	1
789454838059499520	SDADDASDDSsSDsDSdSD	2025-12-18 18:31:40.756585	\N	2025-12-18 18:31:40.75659	c3d4e5f6-a7b8-9012-cdef-3456789012bc	1
789454869659385856	SDADDASDDSsSDsDSdSDDSdSDSsdSD	2025-12-18 18:31:48.290481	\N	2025-12-18 18:31:48.290487	c3d4e5f6-a7b8-9012-cdef-3456789012bc	1
789454914123202560	SDADDASDDSsSDsDSdSDDSdSDSsdSDDWSDSdsd  DDĐ	2025-12-18 18:31:58.891179	\N	2025-12-18 18:31:58.891182	c3d4e5f6-a7b8-9012-cdef-3456789012bc	1
789580283639758848	abcdafdfsdD	2025-12-19 02:50:09.318447	\N	2025-12-19 02:50:09.318456	3732e58c-fa12-4a37-bc96-bcae4128f99d	777476831543558144
789842557067591680	ko có nội dung gì cả	2025-12-19 20:12:20.172297	\N	2025-12-19 20:12:20.172307	3732e58c-fa12-4a37-bc96-bcae4128f99d	783728822825517056
789843453159669760	1000 bàn là nhất	2025-12-19 20:15:53.816436	\N	2025-12-19 20:15:53.816441	3732e58c-fa12-4a37-bc96-bcae4128f99d	2
789970585676414976	chú ý	2025-12-20 04:41:04.595342	\N	2025-12-20 04:41:04.595363	b2c3d4e5-f6a7-8901-bcde-f2345678901a	789969021343629312
790167770292551680	alosohei	2025-12-20 17:44:37.052671	\N	2025-12-20 17:44:37.052675	3732e58c-fa12-4a37-bc96-bcae4128f99d	2
790249416685518848	dd	2025-12-20 23:09:03.065818	\N	2025-12-20 23:09:03.065829	c3d4e5f6-a7b8-9012-cdef-3456789012bc	790169244468772864
790302712569790464	xin dc giup do	2025-12-21 02:40:49.797576	\N	2025-12-21 02:40:49.797583	c3d4e5f6-a7b8-9012-cdef-3456789012bc	790301266176638976
790333965947895808	hellohh	2025-12-21 04:45:01.181979	\N	2025-12-21 04:45:01.181993	49853eb2-1c92-4661-81f8-a53032f8a8c4	790332727307010048
\.


--
-- Data for Name: role_in_event; Type: TABLE DATA; Schema: public; Owner: admin
--

COPY public.role_in_event (id, created_at, event_role, participation_status, updated_at, event_id, user_profile_id) FROM stdin;
777476831673581568	2025-11-15 17:15:21.494897	EVENT_ADMIN	APPROVED	2025-11-15 17:15:21.494906	777476831543558144	a1b2c3d4-e5f6-7890-abcd-ef1234567890
783728823047815168	2025-12-02 23:18:32.399321	EVENT_ADMIN	APPROVED	2025-12-02 23:18:32.399355	783728822825517056	3732e58c-fa12-4a37-bc96-bcae4128f99d
790169244481355776	2025-12-20 17:50:28.521088	EVENT_ADMIN	COMPLETED	2025-12-21 00:58:52.331926	790169244468772864	b2c3d4e5-f6a7-8901-bcde-f2345678901a
789904699179401216	2025-12-20 00:19:16.00754	EVENT_MEMBER	APPROVED	2025-12-20 00:56:30.511913	777476831543558144	3732e58c-fa12-4a37-bc96-bcae4128f99d
6	2025-11-01 16:57:01.539032	EVENT_MEMBER	COMPLETED	2025-12-20 01:20:58.339782	2	f6a7b8c9-d0e1-2345-f012-6789012345ef
4	2025-11-01 16:57:01.539032	EVENT_ADMIN	COMPLETED	2025-12-20 01:21:00.792957	2	b2c3d4e5-f6a7-8901-bcde-f2345678901a
5	2025-11-01 16:57:01.539032	EVENT_MEMBER	COMPLETED	2025-12-20 01:21:02.045086	2	e5f6a7b8-c9d0-1234-ef01-5678901234de
789965421531889664	2025-12-20 04:20:33.344427	EVENT_MEMBER	PENDING	2025-12-20 04:20:33.344456	783728822825517056	9374a9c0-51f4-49f7-bdcb-234f8cbcedd3
789965439957467136	2025-12-20 04:20:37.73713	EVENT_MEMBER	PENDING	2025-12-20 04:20:37.737154	777476831543558144	9374a9c0-51f4-49f7-bdcb-234f8cbcedd3
789969021368795136	2025-12-20 04:34:51.61244	EVENT_ADMIN	APPROVED	2025-12-20 04:34:51.61245	789969021343629312	b2c3d4e5-f6a7-8901-bcde-f2345678901a
790219259740422144	2025-12-20 21:09:13.087345	EVENT_MEMBER	PENDING	2025-12-21 01:21:26.242051	790219078290636800	3732e58c-fa12-4a37-bc96-bcae4128f99d
789965389453852672	2025-12-20 04:20:25.696554	EVENT_MEMBER	COMPLETED	2025-12-20 04:39:46.843848	1	9374a9c0-51f4-49f7-bdcb-234f8cbcedd3
789887223968301056	2025-12-19 23:09:49.591789	EVENT_MEMBER	COMPLETED	2025-12-20 04:39:57.919792	1	3732e58c-fa12-4a37-bc96-bcae4128f99d
1	2025-11-01 16:57:01.539032	EVENT_ADMIN	COMPLETED	2025-12-20 04:39:59.724924	1	b2c3d4e5-f6a7-8901-bcde-f2345678901a
3	2025-11-01 16:57:01.539032	EVENT_MEMBER	COMPLETED	2025-12-20 04:40:00.782057	1	d4e5f6a7-b8c9-0123-def0-4567890123cd
2	2025-11-01 16:57:01.539032	EVENT_MEMBER	COMPLETED	2025-12-20 04:40:01.49433	1	c3d4e5f6-a7b8-9012-cdef-3456789012bc
789887205601443840	2025-12-19 23:09:45.213645	EVENT_MEMBER	COMPLETED	2025-12-20 04:40:02.755985	1	a1b2c3d4-e5f6-7890-abcd-ef1234567890
790261653382889472	2025-12-20 23:57:40.520808	EVENT_MEMBER	PENDING	2025-12-21 01:21:27.255438	790169244468772864	3732e58c-fa12-4a37-bc96-bcae4128f99d
789965396366065664	2025-12-20 04:20:27.346123	EVENT_MEMBER	COMPLETED	2025-12-20 17:13:42.095003	2	9374a9c0-51f4-49f7-bdcb-234f8cbcedd3
789879077765906432	2025-12-19 22:37:27.385335	EVENT_ADMIN	COMPLETED	2025-12-20 20:16:45.266941	789879077761712128	b2c3d4e5-f6a7-8901-bcde-f2345678901a
790282741328379904	2025-12-21 01:21:28.280306	EVENT_MEMBER	PENDING	2025-12-21 01:21:28.280326	789969021343629312	3732e58c-fa12-4a37-bc96-bcae4128f99d
789965450015408128	2025-12-20 04:20:40.133299	EVENT_MEMBER	COMPLETED	2025-12-20 20:17:01.986892	789879077761712128	9374a9c0-51f4-49f7-bdcb-234f8cbcedd3
790219078353551360	2025-12-20 21:08:29.841981	EVENT_ADMIN	APPROVED	2025-12-20 21:08:29.841985	790219078290636800	b2c3d4e5-f6a7-8901-bcde-f2345678901a
790244068016783360	2025-12-20 22:47:47.841743	EVENT_MEMBER	PENDING	2025-12-20 22:47:47.84175	777476831543558144	c3d4e5f6-a7b8-9012-cdef-3456789012bc
790244073209331712	2025-12-20 22:47:49.07967	EVENT_MEMBER	PENDING	2025-12-20 22:47:49.079684	790219078290636800	c3d4e5f6-a7b8-9012-cdef-3456789012bc
789904714295672832	2025-12-20 00:19:19.60956	EVENT_MEMBER	PENDING	2025-12-21 01:21:30.488351	789879077761712128	3732e58c-fa12-4a37-bc96-bcae4128f99d
790247826230607872	2025-12-20 23:02:43.869281	EVENT_MEMBER	PENDING	2025-12-20 23:02:44.256684	2	c3d4e5f6-a7b8-9012-cdef-3456789012bc
790247846359072768	2025-12-20 23:02:48.667956	EVENT_MEMBER	PENDING	2025-12-20 23:02:48.66796	789969021343629312	c3d4e5f6-a7b8-9012-cdef-3456789012bc
789904656930177024	2025-12-20 00:19:05.94468	EVENT_MEMBER	PENDING	2025-12-21 01:21:32.257907	2	3732e58c-fa12-4a37-bc96-bcae4128f99d
790246277106368512	2025-12-20 22:56:34.529983	EVENT_MEMBER	COMPLETED	2025-12-20 23:21:55.484942	790169244468772864	c3d4e5f6-a7b8-9012-cdef-3456789012bc
790253898882351104	2025-12-20 23:26:51.702298	EVENT_MEMBER	PENDING	2025-12-20 23:26:51.702306	789879077761712128	c3d4e5f6-a7b8-9012-cdef-3456789012bc
790301266344411136	2025-12-21 02:35:04.986822	EVENT_ADMIN	APPROVED	2025-12-21 02:35:04.986833	790301266176638976	b2c3d4e5-f6a7-8901-bcde-f2345678901a
790302313477570560	2025-12-21 02:39:14.642073	EVENT_MEMBER	APPROVED	2025-12-21 02:40:06.990065	790301266176638976	c3d4e5f6-a7b8-9012-cdef-3456789012bc
790312375986159616	2025-12-21 03:19:13.730563	EVENT_MEMBER	CANCELLED	2025-12-21 03:19:20.504509	790219078290636800	4a6e91e1-7668-4dfa-8674-62d837785151
790312360840527872	2025-12-21 03:19:10.120034	EVENT_MEMBER	APPROVED	2025-12-21 03:20:48.12096	790301266176638976	4a6e91e1-7668-4dfa-8674-62d837785151
790332727474782208	2025-12-21 04:40:05.905498	EVENT_ADMIN	APPROVED	2025-12-21 04:40:05.905517	790332727307010048	06eee420-a5bf-490d-b15e-71ab83ef2cc4
790333264052092928	2025-12-21 04:42:13.834668	EVENT_MEMBER	COMPLETED	2025-12-21 04:51:28.562214	790332727307010048	49853eb2-1c92-4661-81f8-a53032f8a8c4
\.


--
-- Data for Name: user_auth; Type: TABLE DATA; Schema: public; Owner: admin
--

COPY public.user_auth (user_id, email, email_verified, password_hash, role, status) FROM stdin;
3732e58c-fa12-4a37-bc96-bcae4128f99d	23020110@vnu.edu.vn	f	$2a$10$YjJtXmRxacFqV8/5H49gK.RGdJHmbDJHTaliq.NECSecuIBFHIiLm	USER	ACTIVE
d4e5f6a7-b8c9-0123-def0-4567890123cd	minh@volunteer.com	t	$2a$10$YjJtXmRxacFqV8/5H49gK.RGdJHmbDJHTaliq.NECSecuIBFHIiLm	USER	ACTIVE
208eafed-390f-4f8a-abbe-db3d56a2f3c9	208eafed@auto.local	t	$2a$10$YjJtXmRxacFqV8/5H49gK.RGdJHmbDJHTaliq.NECSecuIBFHIiLm	USER	ACTIVE
e5f6a7b8-c9d0-1234-ef01-5678901234de	lan@volunteer.com	t	$2a$10$YjJtXmRxacFqV8/5H49gK.RGdJHmbDJHTaliq.NECSecuIBFHIiLm	USER	ACTIVE
c3d4e5f6-a7b8-9012-cdef-3456789012bc	van@volunteer.com	t	$2a$10$YjJtXmRxacFqV8/5H49gK.RGdJHmbDJHTaliq.NECSecuIBFHIiLm	USER	ACTIVE
35040e69-cdd4-4c3e-a74d-544ba46ce572	35040e69@auto.local	t	$2a$10$YjJtXmRxacFqV8/5H49gK.RGdJHmbDJHTaliq.NECSecuIBFHIiLm	USER	ACTIVE
f4e2a286-f584-4da6-8da8-4140bcc33997	23020110111@vnu.edu.vn	t	$2a$10$YjJtXmRxacFqV8/5H49gK.RGdJHmbDJHTaliq.NECSecuIBFHIiLm	USER	ACTIVE
f6a7b8c9-d0e1-2345-f012-6789012345ef	tuan@volunteer.com	t	$2a$10$YjJtXmRxacFqV8/5H49gK.RGdJHmbDJHTaliq.NECSecuIBFHIiLm	USER	ACTIVE
a1b2c3d4-e5f6-7890-abcd-ef1234567890	admin@charity.com	t	$2a$10$YjJtXmRxacFqV8/5H49gK.RGdJHmbDJHTaliq.NECSecuIBFHIiLm	ADMIN	ACTIVE
b2c3d4e5-f6a7-8901-bcde-f2345678901a	manager@charity.com	t	$2a$10$YjJtXmRxacFqV8/5H49gK.RGdJHmbDJHTaliq.NECSecuIBFHIiLm	EVENT_MANAGER	ACTIVE
9374a9c0-51f4-49f7-bdcb-234f8cbcedd3	tester@gmail.com	t	$2a$10$mVXdpu/fJo1cCTyqDpVUP.yObsX2bimHkGBWHWlMa3ArGKntcC3bC	USER	ACTIVE
2d670ab7-7e30-44d8-acb2-1f838349d7f0	vanabc123@volunteer.com	t	$2a$10$bSQXgQxjCl75GiexhRkZHOcvcs1oZHv47jLHeJTyfMFgo5lMItFhm	EVENT_MANAGER	ACTIVE
4a6e91e1-7668-4dfa-8674-62d837785151	van123@volunteer.com	t	$2a$10$69/j0eWN5mtg1F5RozrnwuBPnRzKRO93f8xNcnVAusdPQ0/4NuUjy	USER	ACTIVE
781f62c0-da6d-4737-8ee2-d43792949072	dung123@vnu.edu.vn	t	$2a$10$MkU91cKHPfR1gRqeSXzo0OkCW2GHENFAQ0i8VRPsFR9bNxPLXHL2i	EVENT_MANAGER	ACTIVE
49853eb2-1c92-4661-81f8-a53032f8a8c4	tinhnguyen@gmail.com	t	$2a$10$KyAIWiw2WmtXu7f4Q0XcfeLicz3UZjULSa3xSiiLdk2oSVJi1EJT.	USER	ACTIVE
06eee420-a5bf-490d-b15e-71ab83ef2cc4	quanly@gmail.com	t	$2a$10$GDwjbI2W37WcbUdYQYbPCuXFZtfOZ/TnkPo2C.i.VElx3Xw3N/ALO	EVENT_MANAGER	ACTIVE
\.


--
-- Data for Name: user_profiles; Type: TABLE DATA; Schema: public; Owner: admin
--

COPY public.user_profiles (user_id, avatar_id, bio, created_at, email, full_name, status, updated_at, username) FROM stdin;
e5f6a7b8-c9d0-1234-ef01-5678901234de	\N	\N	2025-11-01 16:57:01.502615	lan@volunteer.com	Phạm Thị Lan	ACTIVE	2025-11-01 16:57:01.502615	lan_vol
2d670ab7-7e30-44d8-acb2-1f838349d7f0	\N	\N	2025-12-20 04:22:55.314169	Vân22ehelo@gmail.com	Dương Vân	ACTIVE	2025-12-20 04:22:55.314179	ewwwddfer
b2c3d4e5-f6a7-8901-bcde-f2345678901a		streamer số 1 việt nam	2025-11-01 16:57:01.502615	manager@charity.com	Phùng Thanh Độ	ACTIVE	2025-12-20 17:14:24.504625	độ cao bằng
3732e58c-fa12-4a37-bc96-bcae4128f99d		1000 bàn thắng hơn 1 world cup	2025-12-02 23:08:22	cr7@vnu.edu.vn	Cristiano Ronaldo	ACTIVE	2025-12-20 21:10:10.090773	Cristiano Ronaldo
4a6e91e1-7668-4dfa-8674-62d837785151	\N	\N	2025-12-21 03:16:05.591372	van123@volunteer.com	Ng Vân	BANNED	2025-12-21 03:16:05.591379	van_ng
781f62c0-da6d-4737-8ee2-d43792949072		helohelo	2025-12-21 03:25:57.105118	dung123@vnu.edu.vn	Phùng Thanh Dũng	ACTIVE	2025-12-21 03:53:08.420479	helohelohelo
06eee420-a5bf-490d-b15e-71ab83ef2cc4	\N	\N	2025-12-21 04:35:39.223787	quanly@gmail.com	Duong Dinh Minh	ACTIVE	2025-12-21 04:35:39.22381	Minh
49853eb2-1c92-4661-81f8-a53032f8a8c4		Tôi là Dũng	2025-12-21 04:34:39.505203	tinhnguyen@gmail.com	Phùng Tiến Dũng	ACTIVE	2025-12-21 04:46:07.288543	dungx
208eafed-390f-4f8a-abbe-db3d56a2f3c9	\N	\N	2025-11-29 18:08:58.005727	\N	userId:208eafed-390f-4f8a-abbe-db3d56a2f3c9	ACTIVE	2025-11-29 18:08:58.005736	userId:208eafed-390f-4f8a-abbe-db3d56a2f3c9
35040e69-cdd4-4c3e-a74d-544ba46ce572	\N	\N	2025-11-29 18:16:52.92	\N	userId:35040e69-cdd4-4c3e-a74d-544ba46ce572	ACTIVE	2025-11-29 18:16:52.920563	userId:35040e69-cdd4-4c3e-a74d-544ba46ce572
c3d4e5f6-a7b8-9012-cdef-3456789012bc		abcMy name	2025-11-01 16:57:01.502615	vaQn@volunteer.com	Trần Thị Vân 1234	ACTIVE	2025-12-19 04:01:19.786493	van_volname___
a1b2c3d4-e5f6-7890-abcd-ef1234567890	\N	\N	2025-11-01 16:57:01.502615	admin@charity.com	System Administrator	ACTIVE	2025-11-01 16:57:01.502615	admin
f6a7b8c9-d0e1-2345-f012-6789012345ef	\N	\N	2025-11-01 16:57:01.502615	tuan@volunteer.com	Hoàng Anh Tuấn	ACTIVE	2025-11-01 16:57:01.502615	tuan_vol
d4e5f6a7-b8c9-0123-def0-4567890123cd	\N	\N	2025-11-01 16:57:01.502615	minh@volunteer.com	Lê Hoàng Minh	ACTIVE	2025-11-11 00:13:05	minh_vol
9374a9c0-51f4-49f7-bdcb-234f8cbcedd3		hi hi	2025-12-20 04:20:02.177274	test123@gmail.com	tester	ACTIVE	2025-12-20 04:20:05.512239	minhduongdidnh
\.


--
-- Name: comments comments_pkey; Type: CONSTRAINT; Schema: public; Owner: admin
--

ALTER TABLE ONLY public.comments
    ADD CONSTRAINT comments_pkey PRIMARY KEY (comment_id);


--
-- Name: event_registration event_registration_pkey; Type: CONSTRAINT; Schema: public; Owner: admin
--

ALTER TABLE ONLY public.event_registration
    ADD CONSTRAINT event_registration_pkey PRIMARY KEY (registration_id);


--
-- Name: events events_pkey; Type: CONSTRAINT; Schema: public; Owner: admin
--

ALTER TABLE ONLY public.events
    ADD CONSTRAINT events_pkey PRIMARY KEY (event_id);


--
-- Name: likes likes_pkey; Type: CONSTRAINT; Schema: public; Owner: admin
--

ALTER TABLE ONLY public.likes
    ADD CONSTRAINT likes_pkey PRIMARY KEY (like_id);


--
-- Name: posts posts_pkey; Type: CONSTRAINT; Schema: public; Owner: admin
--

ALTER TABLE ONLY public.posts
    ADD CONSTRAINT posts_pkey PRIMARY KEY (post_id);


--
-- Name: role_in_event role_in_event_pkey; Type: CONSTRAINT; Schema: public; Owner: admin
--

ALTER TABLE ONLY public.role_in_event
    ADD CONSTRAINT role_in_event_pkey PRIMARY KEY (id);


--
-- Name: event_registration uk4luonmc0xuogbj97rm90k5r8b; Type: CONSTRAINT; Schema: public; Owner: admin
--

ALTER TABLE ONLY public.event_registration
    ADD CONSTRAINT uk4luonmc0xuogbj97rm90k5r8b UNIQUE (user_id, event_id);


--
-- Name: likes uke0r5gki0ed6ecc8ho61ci8dax; Type: CONSTRAINT; Schema: public; Owner: admin
--

ALTER TABLE ONLY public.likes
    ADD CONSTRAINT uke0r5gki0ed6ecc8ho61ci8dax UNIQUE (target_id, target_type, created_by);


--
-- Name: role_in_event ukrhap0m4gtbixvvoe16i1gt5mb; Type: CONSTRAINT; Schema: public; Owner: admin
--

ALTER TABLE ONLY public.role_in_event
    ADD CONSTRAINT ukrhap0m4gtbixvvoe16i1gt5mb UNIQUE (user_profile_id, event_id);


--
-- Name: user_auth uniq_email; Type: CONSTRAINT; Schema: public; Owner: admin
--

ALTER TABLE ONLY public.user_auth
    ADD CONSTRAINT uniq_email UNIQUE (email);


--
-- Name: user_auth user_auth_pkey; Type: CONSTRAINT; Schema: public; Owner: admin
--

ALTER TABLE ONLY public.user_auth
    ADD CONSTRAINT user_auth_pkey PRIMARY KEY (user_id);


--
-- Name: user_profiles user_profiles_pkey; Type: CONSTRAINT; Schema: public; Owner: admin
--

ALTER TABLE ONLY public.user_profiles
    ADD CONSTRAINT user_profiles_pkey PRIMARY KEY (user_id);


--
-- Name: idx_user_event; Type: INDEX; Schema: public; Owner: admin
--

CREATE INDEX idx_user_event ON public.event_registration USING btree (user_id, event_id);


--
-- Name: comments fk_comments_created_by; Type: FK CONSTRAINT; Schema: public; Owner: admin
--

ALTER TABLE ONLY public.comments
    ADD CONSTRAINT fk_comments_created_by FOREIGN KEY (created_by) REFERENCES public.user_profiles(user_id);


--
-- Name: comments fk_comments_post; Type: FK CONSTRAINT; Schema: public; Owner: admin
--

ALTER TABLE ONLY public.comments
    ADD CONSTRAINT fk_comments_post FOREIGN KEY (post_id) REFERENCES public.posts(post_id);


--
-- Name: event_registration fk_event_registration_event; Type: FK CONSTRAINT; Schema: public; Owner: admin
--

ALTER TABLE ONLY public.event_registration
    ADD CONSTRAINT fk_event_registration_event FOREIGN KEY (event_id) REFERENCES public.events(event_id);


--
-- Name: event_registration fk_event_registration_user; Type: FK CONSTRAINT; Schema: public; Owner: admin
--

ALTER TABLE ONLY public.event_registration
    ADD CONSTRAINT fk_event_registration_user FOREIGN KEY (user_id) REFERENCES public.user_profiles(user_id);


--
-- Name: events fk_events_created_by; Type: FK CONSTRAINT; Schema: public; Owner: admin
--

ALTER TABLE ONLY public.events
    ADD CONSTRAINT fk_events_created_by FOREIGN KEY (created_by) REFERENCES public.user_profiles(user_id);


--
-- Name: likes fk_likes_created_by; Type: FK CONSTRAINT; Schema: public; Owner: admin
--

ALTER TABLE ONLY public.likes
    ADD CONSTRAINT fk_likes_created_by FOREIGN KEY (created_by) REFERENCES public.user_profiles(user_id);


--
-- Name: posts fk_posts_created_by; Type: FK CONSTRAINT; Schema: public; Owner: admin
--

ALTER TABLE ONLY public.posts
    ADD CONSTRAINT fk_posts_created_by FOREIGN KEY (created_by) REFERENCES public.user_profiles(user_id);


--
-- Name: posts fk_posts_event; Type: FK CONSTRAINT; Schema: public; Owner: admin
--

ALTER TABLE ONLY public.posts
    ADD CONSTRAINT fk_posts_event FOREIGN KEY (event_id) REFERENCES public.events(event_id);


--
-- Name: role_in_event fk_role_in_event_event; Type: FK CONSTRAINT; Schema: public; Owner: admin
--

ALTER TABLE ONLY public.role_in_event
    ADD CONSTRAINT fk_role_in_event_event FOREIGN KEY (event_id) REFERENCES public.events(event_id);


--
-- Name: role_in_event fk_role_in_event_user; Type: FK CONSTRAINT; Schema: public; Owner: admin
--

ALTER TABLE ONLY public.role_in_event
    ADD CONSTRAINT fk_role_in_event_user FOREIGN KEY (user_profile_id) REFERENCES public.user_profiles(user_id);


--
-- PostgreSQL database dump complete
--

\unrestrict QHH0w1n3xQwsi3gwnfAhuN6qbojTOsTjDv6x4t7au43dkXFkFX7WtFZsBQPhILg

